<?xml version="1.0" encoding="UTF-8"?>
<beans xmlns="http://www.springframework.org/schema/beans" xmlns:xsi="http://www.w3.org/2001/XMLSchema-instance"
	xmlns:context="http://www.springframework.org/schema/context"
	xsi:schemaLocation="http://www.springframework.org/schema/beans http://www.springframework.org/schema/beans/spring-beans-4.0.xsd
        http://www.springframework.org/schema/context http://www.springframework.org/schema/context/spring-context-4.0.xsd">

	<bean id="messageSource" class="org.springframework.context.support.ReloadableResourceBundleMessageSource">
		<property name="basenames">
			<list>
				<value>classpath:/message/message-common</value>
				<value>classpath:/org/egovframe/rte/fdl/idgnr/messages/idgnr</value>
				<value>classpath:/org/egovframe/rte/fdl/property/messages/properties</value>
				
			</list>
		</property>
		<property name="cacheSeconds">
			<value>60</value>
		</property>
	</bean>
	 
</beans>
