<?xml version="1.0" encoding="UTF-8"?>
<!DOCTYPE mapper PUBLIC "-//mybatis.org//DTD Mapper 3.0//EN" "http://mybatis.org/dtd/mybatis-3-mapper.dtd">


<mapper namespace="com.itn.projectb.mapper.advanced.Ct4Mapper">


<!-- 전체 조회: 답변 리스트 조회 -->
<select id="selectCt4List" 
        parameterType="Criteria" 
        resultType="Ct4VO">
    
    SELECT 
    ANID, 
    CONTENTS, 
    INID, 
    WRITER, 
    INSERT_TIME, 
    UPDATE_TIME 
FROM 
    INQUIRY_ANSWER_TB
    
    
</select>



<!-- 전체 조회: 답변 리스트 조회 -->
<!-- <select id="selectCt4List" 
        parameterType="Criteria" 
        resultType="Ct4VO">


   SELECT * FROM INQUIRY_ANSWER_TB
    AND (CONTENTS LIKE '%' || #{searchKeyword} || '%'
    OR WRITER LIKE '%' || #{searchKeyword} || '%')
    ORDER BY INSERT_TIME DESC 
    OFFSET #{firstIndex} ROWS
    FETCH NEXT #{recordCountPerPage} ROWS ONLY 



</select>
 -->










<!-- 답변 개수 세기 -->
<select id="selectCt4ListTotCnt" parameterType="Criteria" resultType="int">
    SELECT COUNT(*) 
    FROM INQUIRY_ANSWER_TB
    WHERE INID = #{inid}
    AND (CONTENTS LIKE '%' || #{searchKeyword} || '%'
    OR WRITER LIKE '%' || #{searchKeyword} || '%')
</select>


<!-- 컨텍트 'AN'LAPD는 무엇인가?  -->
<insert id="insert" parameterType="Ct4VO">
 INSERT INTO INQUIRY_ANSWER_TB (ANID, CONTENTS, INID, WRITER)
VALUES (CONCAT('AN',LPAD(TO_CHAR(INQUIRY_ANSWER_SEQ.NEXTVAL),3,'0')), #{contents}, #{inid}, #{writer})
</insert>


<!--  
<select id="selectCt4" parameterType="String" resultType="Ct4VO">
    SELECT ANID, CONTENTS, INID, WRITER, INSERT_TIME, UPDATE_TIME 
    FROM INQUIRY_ANSWER_TB 
    WHERE ANID = #{anid}
</select>
 -->





</mapper>