<?xml version="1.0" encoding="UTF-8" ?>
<!DOCTYPE configuration
        PUBLIC "-//mybatis.org//DTD Config 3.0//EN"
        "http://mybatis.org/dtd/mybatis-3-config.dtd">

<configuration>

    <!-- Settings 설정 -->
    <settings>
        <setting name="mapUnderscoreToCamelCase" value="true"/>
        <setting name="jdbcTypeForNull" value="NULL"/>
    </settings>
    
    <!-- 별명 지정 -->
    <typeAliases>
    	<typeAlias type="com.itn.projectb.vo.basic.ExamVO" alias="ExamVO"/>
    	<typeAlias type="com.itn.projectb.vo.basic.MypageVO" alias="MypageVO"/>
    	<typeAlias type="com.itn.projectb.vo.basic.CompanyAboutVO" alias="CompanyAboutVO"/>
    	<typeAlias type="com.itn.projectb.vo.basic.StoreVO" alias="StoreVO"/>
    	<typeAlias type="com.itn.projectb.vo.basic.LocationVO" alias="LocationVO"/>
    </typeAliases>

</configuration>




