<?xml version="1.0" encoding="UTF-8"?>
<!DOCTYPE mapper PUBLIC "-//mybatis.org//DTD Mapper 3.0//EN" "http://mybatis.org/dtd/mybatis-3-mapper.dtd">

<mapper namespace="com.itn.projectb.mapper.basic.ExamMapper">
	<select id="selectExamList" parameterType="Criteria" resultType="ExamVO">
       SELECT * FROM EXAM_TB
	   WHERE TITLE LIKE '%' || #{searchKeyword}  || '%'
	   OFFSET #{firstIndex} ROWS
	   FETCH NEXT #{recordCountPerPage} ROWS ONLY
    </select>
    <select id="selectExamListTotCnt" parameterType="Criteria" resultType="int">
		SELECT COUNT(*) FROM EXAM_TB
		WHERE TITLE LIKE '%'|| #{searchKeyword} ||'%'
	</select>
	<insert id="insertExam" parameterType="ExamVO">
		INSERT INTO EXAM_TB(UUID,TITLE,CONTENTS) 
		VALUES(CONCAT('UU',TO_CHAR(EXAM_SEQ.NEXTVAL)),
		#{title}, #{contents})
	</insert>
	<select id="selectExam" parameterType="String" resultType="ExamVO">
		SELECT * FROM EXAM_TB
		WHERE UUID = #{uuid}
	</select>
	<update id="update" parameterType="ExamVO">
		UPDATE EXAM_TB
		SET TITLE = #{title}, CONTENTS = #{contents}, 
		UPDATE_TIME = TO_CHAR(SYSDATE,'RR/MM/DD HH24:MI:SS')
		WHERE UUID = #{uuid}
	</update>
	<delete id="delete" parameterType="ExamVO">
		DELETE EXAM_TB 
		WHERE UUID = #{uuid}
	</delete>
</mapper>