<?xml version="1.0" encoding="UTF-8"?>
<!DOCTYPE mapper PUBLIC "-//mybatis.org//DTD Mapper 3.0//EN" "http://mybatis.org/dtd/mybatis-3-mapper.dtd">

<!-- 자동 완성 : ctrl + enter -->
<mapper namespace="com.simplecoding.repositoryexam.mapper.basic.DeptMapper">
   <!-- 전체 조회 : -->
   <select id="selectDeptList" 
           parameterType="Criteria" 
           resultType="DeptVO">
      SELECT * FROM TB_DEPT
      WHERE DNAME LIKE '%'|| #{searchKeyword} ||'%'
      OFFSET #{firstIndex} ROWS
      FETCH NEXT #{recordCountPerPage} ROWS ONLY
   </select>   
<!--    테이블 개수 세기 : public int selectDeptListTotCnt(Criteria searchVO) -->
   <select id="selectDeptListTotCnt"
         parameterType="Criteria"
         resultType="int"
   >
       SELECT COUNT(*) FROM TB_DEPT
      WHERE DNAME LIKE '%' || #{searchKeyword} || '%'
   </select>
   
<!--     부서 추가 : public int insert(DeptVO deptVO) -->
   <insert id="insert" parameterType="DeptVO">
      INSERT INTO TB_DEPT(
        DNO
        ,DNAME
        ,LOC
        ,INSERT_TIME
      ) 
      VALUES(
              SQ_DEPT.NEXTVAL
              , #{dname} 
              , #{loc} 
              ,TO_CHAR(SYSDATE, 'YYYY-MM-DD HH24:MI:SS')
      )
   </insert>
   
<!--    상세조회 sql : 주석단축키(ctrl + shift + c)
   public DeptVO selectDept(int dno)
 -->
   <select id="selectDept" 
           parameterType="int"
           resultType="DeptVO"
   >
      SELECT * FROM TB_DEPT
      WHERE DNO = #{dno}
   </select>
   
<!--    update sql 문 : public int update(DeptVO deptVO); -->
   <update id="update" parameterType="DeptVO">
      UPDATE TB_DEPT 
        SET DNAME = #{dname}
           ,LOC   = #{loc}
           ,UPDATE_TIME = TO_CHAR(SYSDATE, 'YYYY-MM-DD HH24:MI:SS')
      WHERE DNO = #{dno}
   </update>
   
<!--    delete sql : public int delete(DeptVO deptVO)
       parameter : 매개변수 , Type : 자료형
 -->
   <delete id="delete" parameterType="DeptVO">
      DELETE TB_DEPT 
      WHERE DNO = #{dno}
   </delete>
</mapper>








