<?xml version="1.0" encoding="UTF-8"?>
<!DOCTYPE mapper PUBLIC "-//mybatis.org//DTD Mapper 3.0//EN" "http://mybatis.org/dtd/mybatis-3-mapper.dtd">

<!-- 자동 완성 : ctrl + enter -->
<mapper namespace="com.simplecoding.repositoryexam.mapper.basic.EmpMapper">
<!--  연습 2 :전체조회 sql 작성 : Dept.xml 의 전체조회 참고해서 사원 전체조회 작성
   매개변수 : 페이징 속성 넣어주세요 (searchKeyword, firstIndex, recordCountPerPage)
   public List<?> selectEmpList(Criteria searchVO)
 -->
    <select id="selectEmpList" 
            parameterType="Criteria"
            resultType="EmpVO"
    >
       SELECT * FROM TB_EMP
		WHERE ENAME LIKE '%'|| #{searchKeyword} ||'%'
		OFFSET #{firstIndex} ROWS
		FETCH NEXT #{recordCountPerPage} ROWS ONLY
    </select>
    
    <!--전체 사원 테이블 개수 세기 : ctrl + shift + c  -->
    <!--매개변수자료형  = parameterType  -->
    <!--jsp el 표현식 -> &{}  -->
	<select id="selectEmpListTotCnt"
			parameterType="Criteria" 
			resultType="int"
	>
	    SELECT COUNT (*) From TB_EMP
		WHERE ename LIKE '%' || #{searchKeyword} || '%'
	</select>
    
    <insert id="insert" parameterType="EmpVO">
    INSERT INTO TB_EMP(
						  ENO
						, ENAME
						, JOB
						, MANAGER
						, HIREDATE
						, SALARY
						, COMMISSION
						, DNO
						, INSERT_TIME
						) 
					VALUES(
					SQ_EMP.NEXTVAL
					,#{ename}
					,#{job}
					,#{manager}
					,#{hiredate}
					,#{salary}
					,#{commission}
					,#{dno}
					,TO_CHAR(SYSDATE, 'YYYY-MM-DD HH24:MI:SS')
					)
    
    
    </insert>
    <!--EmpVO selectEmp(int eno)throws Exception;  -->
    
    <select id="selectEmp"
          	parameterType="int"
          	resultType="EmpVO">
          	
    SELECT * from tb_emp
    where ENO =#{eno}
    
    </select>
<!--     public int updateEmp(EmpVO empVO) ; -->
    <update id="updateEmp"
    		parameterType="EmpVO"
    		>
    
    UPDATE tb_emp 
	SET ENAME = #{ename},
    JOB = #{job},
    MANAGER =#{manager},
    HIREDATE = #{hiredate},
    SALARY = #{salary},
    COMMISSION=#{commission},
    DNO=#{dno},
    UPDATE_TIME = TO_CHAR('YYYY-MM-DD HH24:MI:SS')
	where ENO = #{eno}

    </update>
    
    
    <!--delete함수 public int deleteEmp(EmpVO empVO);  -->
    <delete id="delete"
    		parameterType="EmpVO">
    
    DELETE  TB_EMP
	WHERE ENO = #{eno}
    
    
    </delete>
    
    
</mapper>








