<?xml version="1.0" encoding="UTF-8"?>
<beans:beans xmlns="http://www.springframework.org/schema/mvc"
	xmlns:xsi="http://www.w3.org/2001/XMLSchema-instance"
	xmlns:beans="http://www.springframework.org/schema/beans"
	xmlns:context="http://www.springframework.org/schema/context"
	xmlns:mybatis-spring="http://mybatis.org/schema/mybatis-spring"
	xmlns:mvc="http://www.springframework.org/schema/mvc"
	xsi:schemaLocation="http://www.springframework.org/schema/mvc https://www.springframework.org/schema/mvc/spring-mvc.xsd
		http://www.springframework.org/schema/beans https://www.springframework.org/schema/beans/spring-beans.xsd
		http://www.springframework.org/schema/context https://www.springframework.org/schema/context/spring-context.xsd
		http://mybatis.org/schema/mybatis-spring 
		http://mybatis.org/schema/mybatis-spring-1.2.xsd
		">

	<!-- DispatcherServlet Context: defines this servlet's request-processing infrastructure -->
	
	<!-- Enables the Spring MVC @Controller programming model -->
	<annotation-driven />
	
	<!-- TODO : 인터셉터 등록 및 환경설정  -->
	<mvc:interceptors>
		<mvc:interceptor>
			<mvc:mapping path="/basic/dept"/>
			<mvc:mapping path="/basic/dept/**"/>
			<mvc:mapping path="/basic/emp"/>
			<mvc:mapping path="/basic/emp/**"/>
			<mvc:mapping path="/advanced/fileDb"/>
			<mvc:mapping path="/advanced/fileDb/**"/>
	<beans:bean class="com.simplecoding.repositoryexam.cmmn.interceptor.AuthenticInterceptor" />
		</mvc:interceptor>
	</mvc:interceptors>
	
	<!-- Handles HTTP GET requests for /resources/** by efficiently serving up static resources in the ${webappRoot}/resources directory -->
	<resources mapping="/resources/**" location="/resources/" />

	<!-- Resolves views selected for rendering by @Controllers to .jsp resources in the /WEB-INF/views directory -->
	<beans:bean class="org.springframework.web.servlet.view.InternalResourceViewResolver">
		<beans:property name="prefix" value="/WEB-INF/views/" />
		<beans:property name="suffix" value=".jsp" />
	</beans:bean>
	
	<context:component-scan base-package="com.simplecoding.repositoryexam" />
	
		<!-- mybatis 클래스를 찾아서 스프링이 객체를 생성한다. : @Mapper -->
    <mybatis-spring:scan base-package="com.simplecoding.repositoryexam.mapper" />
	
    <!-- TODO: For Pagination Tag -->
    <beans:bean id="imageRenderer" class="com.simplecoding.repositoryexam.cmmn.web.EgovImgPaginationRenderer"/>
    
    <beans:bean id="textRenderer" class="org.egovframe.rte.ptl.mvc.tags.ui.pagination.DefaultPaginationRenderer"/>

    <beans:bean id="paginationManager" class="org.egovframe.rte.ptl.mvc.tags.ui.pagination.DefaultPaginationManager">
        <beans:property name="rendererType">
            <beans:map>
                <beans:entry key="image" value-ref="imageRenderer"/>
                <beans:entry key="text" value-ref="textRenderer"/>
            </beans:map>
        </beans:property>
    </beans:bean>
	<!-- /For Pagination Tag -->
	
	<!-- TODO: 파일 업로드 설정  -->
 	<beans:bean id="multipartResolver"
		class="org.springframework.web.multipart.commons.CommonsMultipartResolver">
		<beans:property name="maxUploadSize" value="10000000" />
		<beans:property name="maxInMemorySize" value="10000000" />
	</beans:bean>
	
</beans:beans>
