<?xml version="1.0" encoding="UTF-8"?>
<!DOCTYPE mapper PUBLIC "-//mybatis.org//DTD Mapper 3.0//EN" "http://mybatis.org/dtd/mybatis-3-mapper.dtd">

<mapper
	namespace="com.itn.projectb.mapper.movie_all.Movie_allMapper">


	<!-- 상세조회 추가 -->
	<select id="selectMovie_all" parameterType="string"
		resultType="Movie_allVO">
		SELECT * FROM PRODUCT_TB
		WHERE PDID = #{pdid}
	</select>

	<!-- 전체 조회 : -->
	<select id="selectMovie_allList" parameterType="Criteria"
		resultType="Movie_allVO">
		SELECT * FROM PRODUCT_TB
		WHERE TITLE LIKE '%'||
		#{searchKeyword} ||'%'
		order by pdid asc
		OFFSET #{firstIndex} ROWS
		FETCH NEXT
		#{recordCountPerPage} ROWS ONLY
	</select>
	<!-- 테이블 개수 세기 : public int selectDeptListTotCnt(Criteria searchVO) -->
	<select id="selectMovie_allListTotCnt" parameterType="Criteria"
		resultType="int">
		SELECT COUNT(*) FROM PRODUCT_TB
		WHERE TITLE LIKE '%' ||
		#{searchKeyword} ||
		'%'
	</select>

	<!-- 부서 추가 : public int insert(DeptVO deptVO) -->
	<insert id="insert" parameterType="Movie_allVO">
		INSERT INTO PRODUCT_TB(
		PDID,
		TITLE,
		contents,
		DIRECTOR,
		GENRE,
		RUNNING_TIME,
		RATE,
		OPENING_DATE,
		MOVIE_CAST,
		IMAGE_MAIN_URL,
		IMAGE_SMALL_URL,
		IMAGE_BACKGROUND_URL,
		IMAGE_THRIL1_URL,
		IMAGE_THRIL2_URL,
		IMAGE_THRIL3_URL,
		TRAILER_MAIN_URL,
		TRAILER1_URL,
		TRAILER2_URL,
		RATE_URL
		)
		VALUES(
		#{pdid},
		#{title},
		#{contents},
		#{director},
		#{genre},
		#{runningTime},
		#{rate},
		#{openingDate},
		#{movieCast},
		#{image_mainUrl},
		#{image_smallUrl},
		#{image_backgroundUrl},
		#{image_thril1Url},
		#{image_thril2Url},
		#{image_thril3Url},
		#{trailer_mainUrl},
		#{trailer1Url},
		#{trailer2Url},
		#{rateUrl}
		)
	</insert>

	<!-- 영화 실관람평 리뷰 등록 : public void review_register(Movie_allVO movie_allVO); -->

	<insert id="review_register" parameterType="Movie_allVO">

		INSERT INTO
		PRODUCT_REVIEW_TB (PDID, REVIEW, WRITER)
		VALUES (
		(SELECT PDID FROM PRODUCT_TB WHERE TITLE = #{title} AND ROWNUM=1),
		#{review},
		#{writer}
		)
	</insert>

	<select id="selectProductCount" parameterType="String"
		resultType="int">
		SELECT COUNT(*) FROM PRODUCT_TB WHERE TITLE  = #{title}
	</select>
	
	
	<!-- 관람평 전체 조회 : public List<?> selectMovie_reviews(Criteria search_reaviewsVO);-->
	<select id="selectMovie_reviews" 
	  resultType="Movie_reviewVO">
		SELECT PRID, PDID,REVIEW, WRITER FROM PRODUCT_REVIEW_TB
		where pdid=#{pdid}
				
		
	</select>	
<!-- 관람평 테이블 개수 세기 : public int selectMovie_reviewsTotCnt(Criteria searchVO); -->
	<select id="selectMovie_reviewsTotCnt"
			parameterType="Criteria"
			resultType="int"
	>
	    SELECT COUNT(*) FROM PRODUCT_REVIEW_TB
		WHERE writer LIKE '%' || #{searchKeyword} || '%'
	</select>







</mapper>