<?xml version="1.0" encoding="UTF-8"?>
<!DOCTYPE mapper PUBLIC "-//mybatis.org//DTD Mapper 3.0//EN" "http://mybatis.org/dtd/mybatis-3-mapper.dtd">

<mapper namespace="com.itn.projectb.mapper.basic.MypageMapper">
	<select id="selectMypageList" resultType="MypageVO">
       SELECT * FROM MEMBER_TB
    </select>
	<select id="authenticate" 
            parameterType="MypageVO"
            resultType="MypageVO"
            >
      		SELECT * FROM TB_MEMBER
      		WHERE EMAIL = #{email}      
   </select>
   
<!--    <select id="selectMypage" -->
<!-- 		parameterType="String" -->
<!-- 		resultType="MypageVO" -->
		
<!-- 		> -->
<!-- 		SELECT * FROM MEMBER_TB -->
<!-- 		WHERE PASSWORD = #{password} -->
<!-- </select> -->
<update id="update"
		parameterType="MypageVO"
>
UPDATE TB_MEMBER
SET EMAIL = #{email}
,PASSWORD = #{password}
,PHONE = #{phone}
,GRADE = #{grade}
,UPDATE_TIME = TO_CHAR(SYSDATE, 'YYYY-MM-DD HH24:MI:SS')
WHERE PASSWORD = #{password}
</update>


</mapper>