<?xml version="1.0" encoding="UTF-8"?>
<!DOCTYPE mapper PUBLIC "-//mybatis.org//DTD Mapper 3.0//EN" "http://mybatis.org/dtd/mybatis-3-mapper.dtd" >
<mapper namespace="com.simplecoding.repositoryexam.mapper.advanced.FileDbMapper">
<!--    전체조회 : public List<?> selectFileDbList(Criteria searchVO); -->
   <select id="selectFileDbList"
           parameterType="Criteria"
           resultType="FileDbVO"
   >
      SELECT * FROM TB_FILE_DB
      WHERE FILE_TITLE LIKE '%' || #{searchKeyword}  || '%'
      OFFSET #{firstIndex} ROWS
      FETCH NEXT #{recordCountPerPage} ROWS ONLY
   </select>
   
<!--    총개수 : public int selectFileDbListTotCnt(Criteria searchVO); -->
   <select id="selectFileDbListTotCnt"
         parameterType="Criteria"
         resultType="int"
   >
      SELECT COUNT(*) FROM TB_FILE_DB
      WHERE file_title LIKE '%'|| #{searchKeyword} ||'%'
   </select>
   
<!--    insert sql : public int insert(FileDbVO fileDbVO); -->
   <insert id="insert" parameterType="FileDbVO">
      INSERT INTO TB_FILE_DB(UUID, 
                             FILE_TITLE, 
                             FILE_CONTENT, 
                             FILE_DATA, 
                             FILE_URL, 
                             INSERT_TIME) 
                   VALUES(#{uuid}, 
                           #{fileTitle},
                           #{fileContent},
                           #{fileData}, 
                           #{fileUrl},
                           to_char(sysdate,'YYYY-MM-DD HH24:MI:SS'))
   </insert>
   
<!--    상세조회 sql : public FileDbVO selectFileDb(String  uuid); -->
   <select id="selectFileDb" 
           parameterType="String"
           resultType="FileDbVO"
   >
      SELECT * FROM TB_FILE_DB
      WHERE UUID = #{uuid}
   </select>
   
<!--    delete sql : public int delete(String uuid);  -->
   <delete id="delete" parameterType="String">
      DELETE TB_FILE_DB
      WHERE UUID = #{uuid}
   </delete>
</mapper>












