<?xml version="1.0" encoding="UTF-8" ?>
<!DOCTYPE configuration
        PUBLIC "-//mybatis.org//DTD Config 3.0//EN"
        "http://mybatis.org/dtd/mybatis-3-config.dtd">

<configuration>

	<!-- Settings 설정 -->
	<settings>
		<setting name="mapUnderscoreToCamelCase" value="true" />
		<setting name="jdbcTypeForNull" value="NULL" />
	</settings>

	<!-- 별명 지정 -->
	<typeAliases>
		<typeAlias type="com.itn.projectb.vo.basic.ExamVO"
			alias="ExamVO" />
		<typeAlias type="com.itn.projectb.vo.advanced.CtVO"
			alias="CtVO" />

		<typeAlias type="com.itn.projectb.vo.advanced.Ct3VO"
			alias="Ct3VO" />
			
			<typeAlias type="com.itn.projectb.vo.advanced.Ct4VO"
			alias="Ct4VO" />

		<typeAlias type="com.itn.projectb.vo.advanced.Ct2VO"
			alias="Ct2VO" />

		<typeAlias type="com.itn.projectb.vo.common.Criteria"
			alias="Criteria" />

		<typeAlias type="com.itn.projectb.vo.basic.ExamVO"
			alias="ExamVO" />
		<typeAlias type="com.itn.projectb.vo.Member.MemberVO"
			alias="MemberVO" />

	</typeAliases>

</configuration>




