<?xml version="1.0" encoding="UTF-8"?>
<!DOCTYPE mapper PUBLIC "-//mybatis.org//DTD Mapper 3.0//EN" "http://mybatis.org/dtd/mybatis-3-mapper.dtd">

<mapper namespace="com.itn.projectb.mapper.basic.MypageMapper">
	<select id="selectMypageMemberList" resultType="MypageVO">
       SELECT * FROM MEMBER_TB
      		WHERE EMAIL = 'joonbyungsuh@naver.com' 
    </select>
    
    <select id="selectMypageBookList" resultType="MypageVO">
       SELECT * FROM BOOK_TB
    </select>
    
    <select id="selectMypagePayList" resultType="MypageVO">
       SELECT * FROM PAYMENT_TB
    </select>
    
<!-- 	<select id="authenticate"  -->
<!--             parameterType="MypageVO" -->
<!--             resultType="MypageVO" -->
<!--             > -->
<!--       		SELECT * FROM MEMBER_TB -->
<!--       		WHERE EMAIL = 'joonbyungsuh@naver.com'     -->
<!--    </select> -->
	
	<update id="updateMember"
			parameterType="MypageVO"
			>
			UPDATE MEMBER_TB
			SET EMAIL = #{email}
			,PASSWORD = #{password}
			,PHONE = #{phone}
			,GRADE = #{grade}
			,UPDATE_TIME = TO_CHAR(SYSDATE, 'YYYY/MM/DD HH24:MI:SS')
			WHERE EMAIL = 'joonbyungsuh@naver.com'  
	</update>
	
	<update id="updateBook" parameterType="MypageVO">
		    UPDATE BOOK_TB
		    SET 
		    UPDATE_TIME = TO_CHAR(SYSDATE, 'YYYY/MM/DD HH24:MI:SS')
		    WHERE BOID = 'BO001'
	</update>
	
	<update id="updatePay" parameterType="MypageVO">
		    UPDATE PAYMENT_TB
		    SET 
		    UPDATE_TIME = TO_CHAR(SYSDATE, 'YYYY/MM/DD HH24:MI:SS')
		    WHERE BOID = 'BO001'
	</update>


</mapper>