<?xml version="1.0" encoding="UTF-8"?>
<!DOCTYPE mapper PUBLIC "-//mybatis.org//DTD Mapper 3.0//EN" "http://mybatis.org/dtd/mybatis-3-mapper.dtd">

<mapper namespace="com.itn.projectb.mapper.advanced.NoticeMapper">

<!-- 전체 조회 및 검색 -->
<select id="selectCt3List" parameterType="Criteria" resultType="NoticeVO">
    SELECT *
    FROM NOTICE_TB
    WHERE TITLE LIKE '%' || #{searchKeyword} || '%' 
    OR CONTENTS LIKE '%' || #{searchKeyword} || '%'
    ORDER BY INSERT_TIME DESC
    OFFSET #{firstIndex} ROWS
    FETCH NEXT #{recordCountPerPage} ROWS ONLY
</select>

<select id="selectCt3ListTotCnt" parameterType="Criteria" resultType="int">
    SELECT COUNT(*)
    FROM NOTICE_TB
    WHERE TITLE LIKE '%' || #{searchKeyword} || '%' 
    OR CONTENTS LIKE '%' || #{searchKeyword} || '%'
</select>

<select id="selectCt3" parameterType="String" resultType="NoticeVO">
    SELECT *
    FROM NOTICE_TB
    WHERE NOID = #{noid}
</select>

<!-- 관리자 페이지 -->

<!-- 공지사항 목록 조회 -->
<select id="selectNotiList" parameterType="Criteria" resultType="NoticeVO">
	SELECT *
    FROM NOTICE_TB
    WHERE (#{searchCondition} IS NULL OR #{searchCondition} = '' OR NOID LIKE '%' || #{searchKeyword} || '%')
    ORDER BY INSERT_TIME DESC
    OFFSET #{firstIndex} ROWS
    FETCH NEXT #{recordCountPerPage} ROWS ONLY
</select>

<!-- List<NotiVO> getNotiList(@Param("offset") int offset, @Param("limit") int limit); -->
<select id="getNotiList" parameterType="map" resultType="NoticeVO">
	SELECT *
	FROM NOTICE_TB
	ORDER BY INSERT_TIME DESC  <!-- INSERT_TIME 기준으로 내림차순 정렬 -->
	OFFSET #{offset} ROWS
	FETCH NEXT #{limit} ROWS ONLY
</select>

<!-- 	int getTotalRecords(); -->
<select id="getTotalRecords" resultType="int">
	SELECT COUNT(*) FROM
	NOTICE_TB
</select>
	
<!-- 	int getTotalUserCount(); -->
<select id="getTotalNotiCount" resultType="int">
	SELECT COUNT(*) FROM NOTICE_TB
</select>
	
<insert id="insert" parameterType="NoticeVO">
	INSERT INTO NOTICE_TB (NOID, TITLE, CONTENTS, FILE_URL, WRITER)
	VALUES ('NO' || LPAD(NOTICE_SEQ.NEXTVAL, 3, '0'), #{title}, #{contents}, #{fileUrl}, #{writer})
</insert>

<select id="getMaxNoid" resultType="String">
	SELECT MAX(NOID) AS MaxNoid
	FROM NOTICE_TB
	WHERE REGEXP_LIKE(NOID, 'NO[0-9]{3,}')
</select>
    
<!-- 특정 ID로 공지사항 조회 -->
<select id="selectNotiById" parameterType="String" resultType="NoticeVO">
	SELECT * FROM NOTICE_TB WHERE NOID = #{noid}
</select>
	
<!-- 공지사항 수정 -->
<update id="updateNoti" parameterType="NoticeVO">
	UPDATE NOTICE_TB
	SET title = #{title},
	contents = #{contents},
	update_time = SYSDATE,
	file_url = #{fileUrl}
	WHERE NOID = #{noid}
</update>

<delete id="deleteNoti" parameterType="String">
	DELETE FROM NOTICE_TB WHERE NOID = #{noid}
</delete>

</mapper>