<?xml version="1.0" encoding="UTF-8"?>
<beans xmlns="http://www.springframework.org/schema/beans" xmlns:xsi="http://www.w3.org/2001/XMLSchema-instance"
	xmlns:tx="http://www.springframework.org/schema/tx"
	xmlns:aop="http://www.springframework.org/schema/aop"
	xsi:schemaLocation="http://www.springframework.org/schema/beans http://www.springframework.org/schema/beans/spring-beans-4.0.xsd
    	http://www.springframework.org/schema/tx http://www.springframework.org/schema/tx/spring-tx-4.0.xsd
    	http://www.springframework.org/schema/aop http://www.springframework.org/schema/aop/spring-aop-4.0.xsd">

	<bean id="txManager" class="org.springframework.jdbc.datasource.DataSourceTransactionManager">
		<property name="dataSource" ref="dataSource"/>
	</bean>

	<!-- 1) 어노테이션 을 이용한 관리 : @Transactional 어노테이션 사용  -->
	<tx:annotation-driven transaction-manager="txManager" />
	
	<!-- 전자정부 프레임워크 기본 설정  -->
<!-- exception 이 발생하면 롤백함 -->
<!-- 	<tx:advice id="txAdvice" transaction-manager="txManager">
		<tx:attributes>
			<tx:method name="*" rollback-for="Exception"/>
		</tx:attributes>
	</tx:advice> -->

<!-- 2) 모든 접근제한자의 com 패키지 밑의 simplecoding.repositoryexam 패키지 밑의 ~Impl로 끝나는 모든 클래스 밑의 모든(*) 메소드 -->
<!-- 	<aop:config>
		   <aop:pointcut id="requiredTx" expression="execution(* com.simplecoding.repositoryexam..impl.*Impl.*(..))"/>
		   <aop:advisor advice-ref="txAdvice" pointcut-ref="requiredTx" />
	    </aop:config> 
-->


</beans>
